"","x"
"1","bc3676c17839094c4fa8e33268905268"
"2","94e44251662880ffc5b82a1aca4ff1d8"
"3","4fa01c8744825a32f41149c82b5b55b0"
"4","a3fe6144bb655c43f48abfa8bc92709d"
"5","92b0a615198e244da6b385bcf8bcd99a"
"6","99b45d835ebb17d61efa99fbea02ad39"
"7","d0102a60f177f1f0573ec89cc2e6d0d9"
"8","f0ccfc9bb93021c9fc6b4acffb404afc"
"9","c40591c7285bb956c267d10185eba46a"
"10","f286e78610bb33ec6bab0938860268dc"
"11","e742f0b64917c01288fc780e15dd7b0d"
"12","178d13c9308e7c8e2094483dece260db"
"13","727dda9d609ef773fed779fab84c381d"
"14","a50dd89c4ee6438cb1ff205c1381cbf4"
"15","35399a8f41f65acb55c2ea1c1d3fc754"
"16","51f68a37e755c6cd24d12783c96ce052"
"17","d1fc0c2992d26350bd2b2974a5517a60"
"18","f41bdd3950eb73241667b3545c2470f0"
"19","cd078b2d638cb413f9758de6133478af"
"20","d59668e479c38469a1b2b96494292954"
"21","92f02041f139150883034d986b366cc7"
"22","6a3bcad9aee1798391aaef8517bf5621"
"23","93e38d6ea36cb5181b003fc13ef4a734"
"24","fb4a3ffa92f23cc6f41f2570d00c20e5"
"25","6bc63d736c0971f04d7a996c5dd96633"
"26","2d66d59115e5f8c6d716f72f4fc26f23"
"27","e7df09c4c0b8b648ecbad7a9dd169152"
"28","8628b1c26163f86d673d706e78a7dc97"
"29","3bee3e62226ea75f083f5f5e3ea0c488"
"30","3725e63715d30df08b67d09db5ca80c4"
"31","f55ed362a49a54ec29ecc5b6a6eb0ba2"
"32","75cac7ae6fbcbb7817a14f6772f94924"
"33","7dc911ea2e3f0fbf9a5c5947975caa0c"
"34","af17801403ade35c3ed5e461cc36331d"
"35","8209ae5a4aa8de6522c5e2511d31e1c1"
"36","d4b95458518ba9e5a32f76c52f622089"
"37","84a29877f28a3309c0acba3ff63a32de"
"38","ceb36da1a26eecc6429aa5cefb368a09"
"39","9214c8ae1d39f7b6cd90d07cde2582f6"
"40","7ad302234568398fcf49f382b1c34dfb"
"41","9230ac80fbf2fb0705138f1c5f7c1489"
"42","2a079f8c89700d3170a61e2522b27deb"
"43","d7abbdf4303cc5e5221d18d8a6bed3c7"
"44","69be458f74897db61a7b817c73172bdd"
"45","4c687e9abe11199b993e2ab668384d5c"
"46","275b1284e07b39f22dc7870ac40ca9dd"
"47","ade04fd51fe2a7ea6a5de7be6c690573"
"48","cb5ca9ea57b4297619b4459a0347252f"
"49","3f4ed624f5d48912e38e325830488c41"
"50","157a7c6518a3b3e70daf62add4531002"
"51","dab1160ee7a4ecf9945086ff09f99528"
"52","00c905253e84aab5042613bcc22d568c"
"53","cc2915b764b53d86be9c17337954ba02"
"54","c9de210c5a513e7749d7e67ce403d19a"
"55","c35f665bd95ab81a5ca34ee89524dba5"
"56","a7ba6faef7e17458e940b8cadfb0fca6"
"57","e5d9a640cc25f58a4b6a7c56fdc9ce86"
"58","0f5f48d793a468de8ec2131049a25f1e"
"59","ed4eb0c93690ed93b1306bbc507ef2ba"
"60","eef6d3c42ab7df7398b35f58e10d7f8d"
"61","0ce51d2de5507edbeef6b4dd114e9447"
"62","350169a59a70e396afec6e90864bbf2e"
"63","e3b6d4b9fbbf806a4e70802f58fd9fb5"
"64","87f80e1b75c17bba760e92b1f6969094"
"65","a29bbd45b8a08069b22f70e9c014bbd6"
"66","a79df03c29d5421b97a241db52f4f4ab"
"67","4027a1857865117ca02f6277aa2b37ac"
"68","099579ae4cb828e7963249298543f6dc"
"69","4608fae4bbc9964cdd17af8782f2155e"
"70","8df2b2e6c1cb64bd18b81d5bae7f0898"
"71","ca6c2b3b469c08212142e8821c65882a"
"72","777f6731bd18d1efa6db3486ea9eabb7"
"73","a834cea63ff560fae27ac1690069cb9e"
"74","377ab0ace4b9be30cbefe96d0e4192fe"
"75","ede15fb563222a59b54464ff3857badb"
"76","d6f7959d85d91e6889fa46c675650463"
"77","b75b4b6b43c5b8ce6d3b9bcfd04db383"
"78","34fa56acbe26e0dbaf6563fc4c52d16f"
"79","a345866fbb7a7801bc447b459168f6bc"
"80","c7dd722488097856ef8b7e7c33a34602"
"81","64d72c1e4f17aa17e1e3fc7e4730fc75"
"82","649f026cd615015b1c0f8e760d309122"
"83","c1ee0c7bd2a5652c66779004eebac27c"
"84","4804669ff00c7ec682696fdd03d60923"
"85","243916845211edd3f251a3c59efec12c"
"86","f925afd002ddee44a8ef4f1c2b7eb61a"
"87","167177802ba8c61c6caaaf29113a0ff0"
"88","921dfac63f9cbe2870a347a1631ca92e"
"89","583275d7ded8324d0bcfdadcae0e9744"
"90","fbdd455568b037d1882f72f12314a9a6"
"91","b736dd682ab7fea6e0cc39fa1c8378bb"
"92","a62c8d192f732fcd869b2805df4042fd"
"93","87aa08a28665543614d5d867d8156987"
"94","492267c82af1821038fa5af9dfe24af5"
"95","c43e7f58e85c757528663ccb9997f76e"
"96","5b2bea4f9a48dc0aaec1c61f2fc1e84d"
"97","703dc53b99b9564274bece9950895857"
"98","45129537934e487a6e2a4f0517d8f7a3"
"99","3a58d4c581bccf73c41f24419a9c0b17"
"100","0a403db41b0def2fadaeb309717f3ef7"
"101","5265facf9a46ae2dd80a54dd8d4e6fd1"
"102","d87fb67b7efe9c6f71ae2ac05e4220d4"
"103","21b7f7f6f3e8ff4332aeab620175976e"
"104","4500430f09be6fbd36d696bf3b387c88"
"105","1faa7c66837fc41085fbb31ac82a8e11"
"106","3501d03f4da902cab194448b80dbcb86"
"107","0a8b67d5de8ff3dca0f33719d5b60e4e"
"108","14b8aa0057566f7e09a1e3a52fbc3105"
"109","e23f78cbe0dca06a6cb5469998b08d4d"
"110","8d4ffc051298f92f7dbe70753deaf38e"
"111","7980f6f05f01d94097484f901798f782"
"112","97d79ef70db60b43e4fb2aef9faad85f"
"113","27bda8e899a506a11f4f5e7297628faa"
"114","d78670bbe4dd508c94f66f917eaa3bb7"
"115","4d1220881ea2d375d7bc8e78a8437d07"
"116","d77b25a53bb342e18bb64ef4caca19fc"
"117","92d04a8bfcbe9ddcc1bda03897b95251"
"118","33c6a4ba7e2184038108a4de6ff6eee5"
"119","eccd4ec473687cb840159f8d4036ca15"
"120","36d5b11cbf757e4cf78cb3aaabee0973"
"121","2c21592f097d245bd353899b16ee9696"
"122","7d9b6f8940f870e598ed26f0fdece190"
"123","cb80be4ac2def4c41b4338fe839038be"
"124","4ca99a10cdab7680132143e0a5bb4ac1"
"125","6be01b304ffd87213eb490e18acdcec4"
"126","9d127ac8ec1a7b03befe92229847b811"
"127","a251ae02db5ed074ffc3acb72d5fbe33"
"128","9aba5768440c1058591eaa2beef58c29"
"129","ba2836ec86d3e71cef717465bd383295"
"130","0e72899281ea476b522c9b3e6dd669bd"
"131","b32c31cdf2e8499f2dcf74dc1dca50df"
"132","6727bb2c91a7a6b0489e814af3bb9cbc"
"133","11209c72e0fb505bb08285d63592d800"
"134","b601b58c83e229fdae2b49bac4f8b2fb"
"135","bab363500a22b708519a7f2a5cf7afb8"
"136","5c55603143506279a2cd1a9a18210c0c"
"137","8206db4b8b8bbd572d04ab96cb720f52"
"138","0f49140c50a1cb034fdd28ebfe547c78"
"139","8253a8eb93cdde83dccf3cadc2210b7f"
"140","32302947eb5f8ac55cfe7d214eb65497"
"141","0422647ef6eff7c6bb336bf4e2a4f695"
"142","59edd7e21c11ea6309c181aa0869689f"
"143","6d96c3c44f4dad5654bdcec3c5043e0c"
"144","2a41770ada426f5cc583aaa9b44e463d"
"145","a14e6fb98dfdb0c8bb6403538c4feaae"
"146","9603233687a7eb52c9fea4afa25e1d9e"
"147","bd931b6ac03970f1b95618003556b571"
"148","4f8024db35d41ab2263350fbabd2006a"
"149","151d7dd3f5413bdf9b4f059be9492c44"
"150","1613297d7039651ed6c9c367ea48ff11"
"151","b48a188a24ed126894db7d73bd6617cc"
"152","119eac24858a77a188fc98adb6e23898"
"153","6ccd81bebd8cb87ef7828d6c33db6979"
"154","99464e82c2b047057244d7772133f71e"
"155","13e8fcfaf49430ef8b38ec77ae44ae56"
"156","fc02d45daaf8b1d3a9b0e356f10f4de7"
"157","1d119fcc6842ddf6c4179273c796af08"
"158","c45f2f640adb30160baec7494118895a"
"159","ab29a2f6b67a7f0f3e60025ef4e1752d"
"160","9ca78c21c596098629bd469639b06119"
"161","ac38e9c8630e8cef0977c5b73affe2dc"
"162","e157236123e26811498036ee6c0ac9ec"
"163","e0c7fc86546108c23f774329463b0c68"
"164","3b670a23ac9f2700b32fa5e42fbb93e9"
"165","c41352ec9dd9bd9cf859fa5a9092010f"
"166","9094f39bc33a26e3c004e464482fdec1"
"167","f3ab46eb643f9fd49253881533af6c9c"
"168","e7c2c171be5ef785791bb5a3a49fb3b5"
"169","a5e48b027fcf233fa5c9a33e67ddd2c4"
"170","86e14dd85367bf944f87fb172a7697ea"
"171","74574e12ba20c85f1226c4e4da871a5f"
"172","6683e63a84cd77cbdfc095d998eb519f"
"173","a3dc4c45a337614c0f021b6a71d688ba"
"174","a6fb21b58a7483e49338bc06e4721900"
"175","3777c1e75f49dddf9252d83fdcb01834"
"176","da703d6328b3e05f71496f38adbab8c0"
"177","48a25a351f673f799f73620221769bb5"
"178","36f6038feb7dc4f42f62d4f482aae8c2"
"179","bb7d524f1bd8a58837b34d8049ce95a1"
"180","db653c494148104707060c64900fe8f3"
"181","c60a0afd0d9dd6bd8e8d89fc22cfd2d2"
"182","749002bae49f957a16df51a4c6f1466c"
"183","a3b6cbaee0bed371cc173fede7afb44b"
"184","5890296c3d918b59269be7d9f1866840"
"185","cc66e67daee53a83b4093b72ff3ff2ce"
"186","67d86851d6fb9f96ddb1ed6f52dd7a9e"
"187","c9ab8d2650e4d9ffcf232efd59d10da7"
"188","d19dbb0e1566e9a2d91adda6f64e0232"
"189","5513467c0cf6e059e077a0649442a372"
"190","74a26e97b02fcab82b0d346de4920f75"
"191","41601343e5fada6be4ebd4bcd85871ec"
"192","1fac7db9ef21a1e305bcccc863a8bd96"
"193","29115e7bd8ef43044853d0193cf6f622"
"194","956290465e6b3f3c2559cfd56d7a4536"
"195","940ea605ce7372797698b1ffe731d697"
"196","b8c4ed03d7d91546b9f6ad80b80135a3"
"197","7fb514dfe6f1123d50409833b899010e"
"198","ad4d0a7a1fd983524d5086381f1702e5"
"199","21ba09a6067b5cc39321a430f8866876"
"200","b17a2f19f4c913ea1af58c2cf5b3abbe"
"201","ad7fa6962c0bd5cbe26376854c5958aa"
"202","a7da93a9744a7863292bcf97d47b6a10"
"203","27fa10fa9d28d303d1d3b695f24e9076"
"204","7ff346973a282aa55de296afdb5d74af"
"205","4cf87eb42404d2120d3d4c522d8f120a"
"206","3ce7c1abfcb995e93872244aca6ec565"
"207","a33ce28ce94eb33ae59ced2249840c8b"
"208","fe0b139ead8552cf0813868bc8fc75c7"
"209","f527af6b382d2df2e1ba7a1abec8e04e"
"210","225671ed33a06c9e372cb09428c37ff1"
"211","4f078b6dbcc3d5423a5cb2003e577957"
"212","c1af0c41eae4c5a3840340d0ac85c60c"
"213","7bf78221e41aba341193c6f004811ccd"
"214","d892d40bc79d0c356bd2886ce8d120ee"
"215","4fa981eb7d3843e5c9062b50a1b6bfec"
"216","34c0e8142700d72c8baaa740c9ea4b10"
"217","595d49421ec4827d0ec22b1e5890c4c9"
"218","7ddb617321622a7b4a25b4c840b679e5"
"219","2d5ae4204c2b7d98649cc94c45347086"
"220","c7c40b0f480f3edee216585ec048011d"
"221","71b158f33f6e5593f0d08f95907f45b8"
"222","ef8f72781dc49e5fb82b65f7c666be67"
"223","9d2c7e547a61784a327ee16d604583e4"
"224","2b3d15593f4d192dc7168b053f1d5eca"
"225","fe416c72555516ceb55c78ab742fef48"
"226","120eba657e42a11a5c29f97b90f02035"
"227","bf321c05d79f766c0099afb9ecc42f52"
"228","12e2bb64d262590c8c32d2b090882e42"
"229","dfd42bc974d222dd5ad90c5cb821ea9f"
"230","3959505570d668b82d8cc92ac44dbd8e"
"231","5719a44ae03e20e5a2f67edba83aa5e5"
"232","218356dba3e7e58d2c338e9804e76925"
"233","8ea2e3c4dd1518d8f78a16d8a7a08071"
"234","1975f0f2b6531e29f1c84e99f1b51ef8"
"235","8a1e0968b997578d536a89a186e1dfed"
"236","68c56896f754db932a51a88ebad5bc6a"
"237","43198a949f79d6f51bbed979260a1f6e"
"238","41300091835845bd9f0d2c9d5efa62e5"
"239","f2d1cd6220476f411697215ffaa71e8f"
"240","171972b080255260c9263c8ea1265bd2"
"241","a51af6f7d3369f355257160b33da3cff"
"242","8eb6132e2a35ac36eb9ba852bb10ec6e"
"243","0c12c2d486ebc2c8b4d14a8b523f5f8d"
"244","4890bec7342afae0cfdd25274f9acd84"
"245","6b09c47f1eb55cf033372b56a81a11b5"
"246","30346202aa278ce92f8f0abc19271adf"
"247","1e181baaea6ea44783270cf5e6116420"
"248","5725a3cf5bc2a845cf21e6f2f554346f"
"249","06aa8e4e4563cf4540309b2b5ec49a5c"
"250","e7e93865cdfd187a6c9b070835b498c9"
"251","50c5c25512025187326e7dec8d005dda"
"252","d619ecfb9a3c486817c9d2ad54708066"
"253","9283c7fcf595c5a15d33919d657cc638"
"254","163076c2d7e10152bb3d0e2f4b28df75"
"255","57a0eae3d30257e0c8dede67e3d9e5ae"
"256","b7ac0bc559a12538548ef7ce2f485586"
"257","619ca40edde3745255e205747c3fc8a3"
"258","1d2a33b40acf001bb98667cf41fbd74e"
"259","5e41b6f8f77a1f4b5542127147676fbb"
"260","eff0e1ae94b7b740a6870b6f62b9d378"
"261","e0fada5fd884e14bf866c99a1f6805b6"
"262","c4def24d4e9cea12f3f0a8a0ca43afda"
"263","8c236fe169500c5b91c687f10e0d3c6b"
"264","178d9842b3737606e60aaac4d44a5a77"
"265","87d910efaa501240f170220406cfeb74"
"266","3a54d4e72af90b9c2fd50d7d1bb0336b"
"267","2bfe34a2e0671db75c6931f067cac8a3"
"268","2da39b6a5011919c7a8e3d7e6c8b72c0"
"269","9617a12cb32b6ba46c774f5c52367380"
"270","84162050f70da817d35e41f0cc56ed4d"
"271","e409628f0a02722357e6fbb40d5eb8b7"
"272","900aa7f2906c278f3a2e839f10b47375"
"273","756139c0f07d2832f8a021becbc33572"
"274","1f545ae36375e7b6a5dac1ec91c588e3"
"275","3a4517e1c206178cddb6959bf9b8ed9b"
"276","65f3bc04e6d68755f1b889edc8f64cc8"
"277","a57e8133deb4fc1a6cbeaac02d482d8f"
"278","cb8bcce2993ffa912f746007d0df0d6a"
"279","735e187360fdf25275eaef881190740e"
"280","0f87b2e1cfa29b9e154cfa4a13d1721b"
"281","e815840fdd9a6038d67c6878dbb3af8e"
"282","eebe93290db351b195ddbe81c9ec52ab"
"283","c7a99d2000a1f6490578aa970c89e66b"
"284","c1de66fe747bce685c8230bcc29c0cae"
"285","d0dad971506647d25b7ec3c857964526"
"286","2d16d001e21717f960cf771ae879b1dd"
"287","12f9b8a5a321ce1f92eaae8d9d2af2cc"
"288","1c2b8892a0d7f828d72808cd01cfd199"
"289","de075564e6551cb1ee36a51eaeaf8181"
"290","114ec91e96274b35e6b72a1f95b34d09"
"291","d0f01662dce2f1c98151e1f3e9dccde0"
"292","ce0344ff7d5d917934ed67afd7533465"
"293","c63a29416a7eabd7ff67a49489118771"
"294","f4bb0816d7a7fb888a87c59510684b96"
"295","6472eb8b1e09f892aca2f23182962903"
"296","3da13822a4e59d2d70a6ec427c82e650"
"297","d829bee4984f82ffc2453212157caf96"
"298","b7618b51e928b8a2df10e209a396861e"
"299","19386012f47b4a8d83f8fa168376a505"
"300","e3620a87443a142150a1b20a237c48a2"
"301","90aca794c7e30b8a77e87f13ffc9a5cc"
"302","c6f96c0b79d9a6b82fb53a5518bce977"
"303","d80e00d4de223fcfffbb6defe9e54eaf"
"304","581d47e597c62716475aaf024802ee58"
"305","4ebfe5ab34c5fe285d098ab4f63eb959"
"306","f073df90e41bdd0c9674d8de667f5f32"
"307","6e105f3f79341d4c6ac024b928786898"
"308","1fd1f3fbc0437b678ede5a76465a1326"
"309","46f4436af04bcd98a7cc1a443d6f219c"
"310","ed42c63e4a061ea5c9e3543bcadd1724"
"311","2fac845da336657d55f1a9f350c6bc09"
"312","053c09f43a8ca677723e10f2650f95aa"
"313","8f90932836eec8eb89164f265ebd63f5"
"314","a9164d01308501b576afa06256a15b0f"
"315","66aad2f0fbf557ceb0f2a75cf515eac1"
"316","51addd5168fa484bfe1741cf399eff92"
"317","ad72127c01dac114c005c83404612b5d"
"318","1dc3a7cd36625f81a603740de6b3160b"
"319","4caea44cf97f1f35e8727327b514c708"
"320","8393ec83da0d4c4c9ea569f1159811a9"
"321","3002b8e789986b369bf957e7a8a3290e"
"322","22c02175da02f66dd363c70bb308bc79"
"323","0ed0ca0262a692ad13db6e0913efa503"
"324","c0bcf7e96430d61108868a152d0d7ff0"
"325","f723a023db62402a1f14842d4235455b"
"326","eeaa37807c2ecde843731ca84f9903ed"
"327","6d9ae5499cc60ed21dc03ccbe6219b7f"
"328","5e44d80557bae8dbf398a35d3c4890a1"
"329","57a0bada74bc9721cc2f4406d3d82de9"
"330","abd37a42ba7aec5ce7ad66b0784e5fdd"
"331","54e920999a65a173d3fc598d9df4097f"
"332","717e6182253f059237eb5caacd914ba4"
"333","59c4ede31217681cd233d6ef5885dbb3"
"334","317cf5539c79255fbc3b0eb1d95fff92"
"335","7827d172fdf2185978863eb87542dd41"
"336","c0c6f51c88cbd9d6348caf4f9a67df57"
"337","8abdf967e5b46a4af2dc34923219a392"
"338","e8accbbab64dba2fe98edb7072796cc5"
"339","e3569131130fa23b9871bff2aacfe619"
"340","9a8b9b84807d74b5526d143d1dfc2c8d"
"341","b0546a8c6a38415c52d2dc916319d3fd"
"342","9921db8e7f3ca6ccdfca60ba8d80ab7d"
"343","604636abb30a5675c8c38a5f2e2e418b"
"344","7c2811bbf4c76ca806ce4178a5ecb7fe"
"345","fbfe7003074f030de30fad247229d11e"
"346","2b0071539e522e55b5c160f5e7c916a5"
"347","09cb9fd6427fec049d2377341b2bc205"
"348","49550ed1a1c3f44c5e01cf61f4711408"
"349","cf05bc959008043eea4411defd373d30"
"350","2d51eee954d47bb2f71665bd2691bb94"
"351","9f72141feaa897f97c0cb1ab1a7b06c4"
"352","0cee32dae247bce2c87664d44605f750"
"353","f3b198f7b5aefcd2266b7533f824db65"
"354","9e04003825b786bb57df86bd48e6b9f8"
"355","fa67e0725395e99d85af04956443c07d"
"356","98138014e74c6106973c28486eec61af"
"357","cbe5b99184744938bbdb386295c4788b"
"358","6cccf9b29e1920d488d3c5e71cb564fc"
"359","33142a1f51a46425e8d285a9c9e922be"
"360","a73d708608aeea75a5ac2ef331e80445"
"361","265508f5b39aa78937e00e1641596b13"
"362","b72d2815103feb19f37f2521dac55754"
"363","a2bee44bbef7016d61ea7b67edbcbeee"
"364","1a27dee5fc97de70a4fdebab00ee5d7d"
"365","35bcf0206288fb49b7b43480dbb5afcc"
"366","6f0edee0d35c512189e308de87bb89bf"
"367","2851d4f4db34365d076ca6125dd848c4"
"368","f78f1158b73491519bff78a3109c0c51"
"369","8839cfd47c83f58dac6b88e52a0dca47"
"370","e5b8aa4e9ca9b255a6e1e7ea5f0c576e"
"371","3d7ea4dffab1130cdc0e3659dae0c1ef"
"372","9770c2f2f0f50b3336fef6ab9b79b6a5"
"373","16279d63c18f0ce497fac24287ac9ed8"
"374","1ea796258398469952120341ec9107da"
"375","324792d80a7bdee8e81e5887b4504842"
"376","b0d8392c75881c5814105f881375bad2"
"377","1f13a2f4d63650f6e7dcada73eefbd3d"
"378","3d8884f3e0e3b6decd0db35b6c77ca5d"
"379","0952299d87618319b70016986c74ab69"
"380","db6aca08cbcb0d32d308d5261f344b98"
"381","2c3c1199ed7f8c010ccda8320e32e142"
"382","7294a3259b20fa1e7a791f5f23167ffe"
"383","582b9ee5b8be05d6307a82d58b8c9243"
"384","18f93a2a48d3ee0686ae55bc05c432a6"
"385","c4a2d9034bdfbf862241a3a3935396d9"
"386","e6108ec1e1a0b04fb806b0ae7613e242"
"387","1f68af586be40ccee6028a9a1469f3a3"
"388","4f9ff226b3a83fc0960d57d3a2798002"
"389","04ed43f0559146725d7d361b116a6986"
"390","595c8b8e312c12524cc06f2b7fda2a76"
"391","6fb04bf2e7c721765bc75248e16531ee"
"392","2d54bfd90309ecfb96819511f268d146"
"393","1381ce720cb306e9fa631e15bf39ee1a"
"394","f4d30fc2237a1ed0bb27a2f2ee5ead46"
"395","359179fb3e1b89440ab2f7cb5ee042f3"
"396","60d439d2787d32eeb12a34222fbd82e0"
"397","8e16aa6a5e9e2bc9e02a4511a5d92bc3"
"398","3b2bd6148f61074d5a234c41656b0a5b"
"399","d33c71f1730e97a48234e7e9f00a72fb"
"400","9772bac7212b7e683c621537d4d6bf6c"
"401","cfbd6589cb7a18e843630ca61c16850a"
"402","903eefeee322e52d15e60cb18567a7b8"
"403","9690ca66e3de1677239b5f06ed14f58c"
"404","46d5acf15b6294ed40bb8d4267e90de4"
"405","752618de8c655033b311788feb2afa4e"
"406","98852a5e450a49f665f8466da60a9f30"
"407","69f38f9e79867a0a88b172de2543b59d"
"408","5521e8f3ea8551e31c7decca2e27714e"
"409","7996452c1e46ea328f836387b5f582f7"
"410","929e8450daa3418e6311c0a70f6aae0c"
"411","49cdc693d08cd55392629e2b5640e01f"
"412","dbab222fa7d391384320dafcc46fccf5"
"413","023af9262668bcc15ff4c6a20b0e134a"
"414","999dbd5384f5a0cd4f5dc4a67999a9b3"
"415","abd736c789cfc2799a2d179d93bc1abf"
"416","c875f5896d7168377e38b47ee29d15d0"
"417","192de8e053843d95e49565b302d5b9f4"
"418","e227b4097fe256d22d05fb84911b2ee2"
"419","058191442c9d64304bec7a7974417c7b"
"420","a0bd039c3a383d3bcfaf224596fd29f6"
"421","8afaf8c2cde984e59503b96802a7113f"
"422","6e62bc598767397f8b0280ca6fd9881a"
"423","e09a8929f3ea803a5704de1fec9ca7f0"
"424","df22fa50f09b8a493c6d9c110b67fa7b"
"425","416f34d5dbeb6be750440745d452ac1f"
"426","856c2f52e9359dd3b4ee1dbe2819ccf6"
"427","86c049dbebf28346fbcab63b05dd7560"
"428","1a3f05d8b58c522bc987e472e8e8c485"
"429","d7444ec036410dbc413d9a9b32d95918"
"430","8fdfa81bca1c5864829d27146775ef12"
"431","ece94dcc64a7695fa35921ef2e4944a6"
"432","a69d5ebf62cb83c3f203e7c26b762ebf"
"433","1b87abf52962fbe31cf34d77729d1b4c"
"434","4066622cedd63318b8a89acde8a269f5"
"435","c3fcc0e2e3c0bd928af7694aeb15d7b9"
"436","a25ade865e39d00da5776af8b51ec56c"
"437","affb9e5b3625cbfcbe612ea5d4558b9c"
"438","4b0ef0b228394579b8a2c2f9bfcdb806"
"439","3a51a4058fd47326643346f435e7990d"
"440","78bcd9fd9ba2389aa10190bf7660df76"
"441","d9fab6e0cd6b2e064d18981b93cd700b"
"442","d7a3ab150e2c3da492a06e4b6568c623"
"443","1ba9dc7add333bc0cdd686b307eab4dc"
"444","84d5b850eab08e6eb1674e84e32260d7"
"445","f37c5adab63c4785366422e5c0f2dec4"
"446","3c91dacdf1d861f6c38e980d54762b18"
"447","64331bc3b5cd8eb3363d127045ec7ed3"
"448","574ed635ff11c6f472427e2feaab6eba"
"449","4c6d28efa5f10d042b1aeedaa0528bd4"
"450","701757b8b79cbd35735b92c85063311e"
"451","eef38670da90426695b8e414b17b59ab"
"452","09aa002a2f42aaa4bce28e5c6737e22a"
"453","5597870404ec5373f4eacb7aec80a2c5"
"454","efdbce9370eff85340287667475e4234"
"455","6f04f02ca54d154ae1235c4deb5b73f4"
"456","57c4f3ede08667957471c9e2025b31ae"
"457","3f48c674bfb96d735ee09bd32ac101da"
"458","ffbd9ab59c2552c76b9ca84963dcd5f8"
"459","a14a490c6cb323860a11c730c485f1f7"
"460","6a0cefd87da3305251d4eae8f9843d1c"
"461","615536f1efe15b4a37ec51e534c2f5d7"
"462","43271bcaf74493ce0c73804ff7d61ae1"
"463","1099e2ca8e67158bfb8e3670df1759af"
"464","d766a4bd31cf35c090c8c2750f44bafa"
"465","3a84e9ce94ff8a841d03eea518b0c9df"
"466","956f613a90df8e50fa2d584131adbe50"
"467","259239b0db0b2046ef74e61544ad2f5b"
"468","1865ee441d9816183553ac2d979af801"
"469","41b5e189f823ff28556dccddec6d7484"
"470","103014b006aa913e36094c4aec2731b3"
"471","1e34449edede5f234376a6e2dabe8537"
"472","29f5776f742a007c913db3bececbba42"
"473","62544aedcd5a748c3095c4fc34a07c85"
"474","df949d1b8db907b383c70c0a11be21ee"
"475","7d5b3bf0c04f34c532d21897d30b79e3"
"476","e8d66241b8ebd25730b431fa2d264c10"
"477","faf12d1e8ced164ada65be05df6962d1"
"478","df8ccc83457fa7a13d3aa89a402b6c29"
"479","5d49a72c6b21a1eaf7e52f0d57c4d969"
"480","6c5f4f9666d82b1bedf94e99acfe6741"
"481","bdf8a26094624622d68509a87fa75ba7"
"482","15309cf49b7f126aface92b47bdacbf8"
"483","545a7193275a3f861fdd52c0e6272b38"
"484","c75c011960b99ecb5c7cc11a97268692"
"485","ca42e9b09f1b4303ef80b6fec9194e65"
"486","29a75f5a9161809f23325fc518c26c91"
"487","8d9773831ab321c292ef25dfda218c94"
"488","69886113b45955701896ee94d9b87c19"
"489","e159e21d5b0c74a04c70f7e7352d4dbb"
"490","59580600c733f060d7017841407aaa48"
"491","fcd254e8f93e3ac81f612e768899f97c"
"492","fa328f264063ca5a440c3099002a5975"
"493","bd424d0fd964f80f3fceefb1b32c5420"
"494","577a42a79eda35a63d36c4e41b511878"
"495","e8bb37958e19c40162d14d4b877b345a"
"496","4eefd1d05b500181427591edb8553b98"
"497","5b2529faa44a3679b887ecd91b6b4149"
"498","cd98bebc7cd29d008813bd847394c1f2"
"499","c31a8652dd26b703c53b5e11ccaadc27"
"500","b7f507cb80a854a0d8b6978eb8b3dd9f"
"501","c1decbb97dbc1dd10976f8df63439c0d"
"502","50e5c97ca46d1b2cd105f7e13bb076fc"
"503","96db229e34310cd6abcbc7b32a39eb1e"
"504","c10fbfbb5ee1f6e2d45f736f549a9987"
"505","4c14813b44d358fd9a4c7563cd2e814c"
"506","356b48d9767fd77ddcba9a29be20f8b1"
"507","0f4999c3b62a1dd3b33a1a8002dcf6ce"
"508","8637fae1aaf44abfcd8e9901035e1bcd"
"509","7c7c7761ed1d350dd250d3bf1f131073"
"510","114ec899a4f89a4c6da10741d0b8b5ac"
"511","8566ea12f2828fbe30cd65fd649813ee"
"512","5447387f2e042b426b272866c391f08d"
"513","9549b63f91256b6757fef7384cf2ee9e"
"514","847eb64b8a62f20e4d9256ef027cb91b"
"515","d6d1cc0aa0c65e3c3b987de347259434"
"516","1d71d2852a69ff7510dd7891973ea111"
"517","e11b82da20815afc49a005bc814ed394"
"518","1845147963cd510356415ead4dd51a54"
"519","4cca2d47a8cf1f47c737ee0412ef1217"
"520","4933be7d7f597977fef093e86edbda1f"
"521","8b877d140525b2deea3595537ab117bc"
"522","b3cc5aa4638e05ebd81e9a9afe3bd4a1"
"523","cda615fc975822b3751395ae430bee23"
"524","06613a20bdda7f112e8d836bc8b16c09"
"525","3f2225d0d75e1d1465762ab55e5a7256"
"526","0d56edee0a9d537e2f2232fa1376f842"
"527","1ca4833b80d51f67f7b714065520ab8b"
"528","64104577dfc0fa6f2bafd8c3123aed5c"
"529","4678b39757db179d6d67750eecd639b5"
"530","2f031a61a320cf2abf5952f3deedcb36"
"531","163ab7430ddde6ef4dcd8347df9090cc"
"532","2f62f5a08dae8f02b5af428e8cdccdb6"
"533","02e23134a6c4063afd6c1775243e0bed"
"534","adb2f25e8c6b9541d1d5a8ae6a61e660"
"535","42962f0ed722e3292b391df3894ebc61"
"536","832586b6c1b0277ca36dc00baecefd9b"
"537","2b0461024d89e9955d28ff79deefab55"
"538","1509ad32929fc4e6b98b9c6b5d4ebd2e"
"539","8e4f92ea98c136a6b5fe5247ec0c9cf8"
"540","cab5597a9c63a22d1a532fe467d899c4"
"541","e22a6c4666fcd28f3460e14ffaa3e1f3"
"542","43d5f6a5c0604d113d21f17303ac681f"
"543","55791c47436d53dd9892c1025cd38900"
"544","52feef87c9eb198a1f70a1ee57d73b33"
"545","f8c47c9b32c4ab034262d799bdf29f57"
"546","11e411b43a5e177d19a1324654268dd7"
"547","78e01f44da8dceb5679436bfd13df4ea"
"548","5d5a1527c757600ec87cb2948d048764"
"549","f996c2a589d171247764cf5694451263"
"550","4a9777734b5985d0ffbbfd3ccc4a9fc5"
"551","188d92a12a8765c5c707853fb5f18669"
"552","2b10da70cf881975ec3db52da9d45183"
"553","89faaa0bff4b2ea30e2ff1219ae1c8b3"
"554","90e981fad6dd289b2591747481d1b347"
"555","d34ff40b38ff6739a562806821799c07"
"556","dd4d73b09ca495cb33c7fccc196bdc7c"
"557","30242ff322d5761fc7c180f70f895606"
"558","501045995b9f202ae558a5b73380b272"
"559","ebb0349f3f4010c2cf9c3bffc4f5061e"
"560","153c3a8ce034d194871823825928c477"
"561","265f5e54240e26ecf393624a5bd2d161"
"562","a20ffcf37d1e4f5e737ffd8adab5b888"
"563","57b8ef666ea39ce9253333dddd2f3581"
"564","e7ea807bea3eefc05a17d089ea3b29d4"
"565","957c13e4f1292221a11b39bc47583d65"
"566","0b35cd88a8a74d1c0b66908d92fbcc1e"
"567","1d2628b2646b5a1bc5b699b19b7f9b1d"
"568","514d3b98d745c6e3ccb88315b0f6e85a"
