,A,B,C,D,E,F,G,H,I,J,K,L,M,N,O,P,Q,R,S,T,U,V,W,X,Y,Z,-
bin.33,0.00021290185224611454,0.00021290185224611454,0.07707047051309346,0.008090270385352353,0.13817330210772832,0.01873536299765808,0.07408984458164786,0.03598041302959336,0.06046412603789653,0.037683627847562275,0.04194166489248456,0.023632105599318713,0.04769001490312966,0.007451564828614009,0.032148179689163295,0.06429635937832659,0.03001916116670215,0.0,0.18777943368107303,0.026825633383010434,0.014477325952735789,0.01596763891845859,0.0,0.0,0.0,0.0006387055567383436,0.056418990845220354
bin.87,0.0,0.0002727024815925825,0.08753749659121898,0.007908371966184892,0.10308153804199618,0.018543768748295608,0.04499590946277611,0.03599672757022089,0.052904281428961,0.03954185983092446,0.029997272975184074,0.03381510771748023,0.0436323970548132,0.0059994545950368145,0.03463321516225798,0.07226615762203437,0.024543223343332424,0.0,0.23016089446413962,0.03954185983092446,0.012544314153258795,0.006817562039814562,0.0,0.0,0.0,0.0008181074447777475,0.07444777747477502
bin.6,0.00031867431485022306,0.00031867431485022306,0.06118546845124283,0.012109623964308477,0.05991077119184194,0.022944550669216062,0.07106437221159974,0.025493945188017845,0.023581899298916506,0.036966220522625874,0.06118546845124283,0.05289993626513703,0.06596558317399617,0.006692160611854685,0.036010197578075206,0.052581261950286805,0.0207138304652645,0.0,0.19821542383683874,0.05321861057998725,0.014340344168260038,0.016889738687061822,0.00031867431485022306,0.0,0.0,0.00031867431485022306,0.10675589547482472
bin.71,0.001658374792703151,0.0008291873963515755,0.05749032614704257,0.01077943615257048,0.08955223880597014,0.022388059701492536,0.06440022111663903,0.0406301824212272,0.0472636815920398,0.03731343283582089,0.06384742951907131,0.046987285793255944,0.054449972360420124,0.005804311774461028,0.02902155887230514,0.053620784964068545,0.02155887230514096,0.0,0.1951354339414041,0.04311774461028192,0.009950248756218905,0.015754560530679935,0.0,0.0,0.0,0.0,0.08844665561083472
bin.50,0.0,0.0016722408026755853,0.07357859531772576,0.010451505016722408,0.12959866220735786,0.03302675585284281,0.05518394648829431,0.04096989966555184,0.035535117056856184,0.05727424749163879,0.05852842809364549,0.04891304347826087,0.047658862876254184,0.0020903010033444815,0.03595317725752508,0.038461538461538464,0.020066889632107024,0.0,0.16471571906354515,0.05560200668896321,0.01254180602006689,0.010451505016722408,0.0,0.0,0.0,0.0,0.0677257525083612
bin.39,0.0,0.0,0.0804953560371517,0.007076514816452897,0.12605042016806722,0.022556390977443608,0.0367094206103494,0.048651039363113664,0.05042016806722689,0.04732419283502875,0.040689960194604156,0.0291906236178682,0.04157452454666077,0.0008845643520566122,0.04024767801857585,0.0729765590446705,0.02830605926581159,0.0,0.20389208314904908,0.03272888102609465,0.013268465280849183,0.010172490048651039,0.0,0.0,0.0,0.0008845643520566122,0.0659000442282176
bin.51,0.0,0.0006489292667099286,0.06975989617131732,0.008436080467229072,0.07852044127190136,0.021414665801427646,0.040882543802725504,0.036015574302401036,0.10285528877352369,0.035691109669046074,0.05710577547047372,0.0317975340687865,0.04380272550292018,0.003893575600259572,0.028877352368591822,0.03698896820246593,0.057754704737183644,0.0,0.19240752757949384,0.04120700843608047,0.011031797534068787,0.01427644386761843,0.0,0.0,0.0,0.0003244646333549643,0.08630759247242051
bin.59,0.0,0.0009057971014492754,0.07125603864734299,0.010869565217391304,0.08031400966183574,0.022946859903381644,0.06582125603864734,0.029891304347826088,0.033816425120772944,0.041666666666666664,0.051630434782608696,0.033816425120772944,0.07276570048309179,0.006944444444444444,0.036231884057971016,0.03894927536231884,0.020833333333333332,0.0,0.18538647342995168,0.058272946859903384,0.020229468599033816,0.03291062801932367,0.00030193236714975844,0.0,0.0,0.0009057971014492754,0.08333333333333333
bin.191,0.000434593654932638,0.000869187309865276,0.07692307692307693,0.009561060408518035,0.1121251629726206,0.02824858757062147,0.055193394176445025,0.04041720990873533,0.036071273359408955,0.04085180356366797,0.07648848326814428,0.03346371142981312,0.041286397218600605,0.004345936549326379,0.02564102564102564,0.048239895697522815,0.0217296827466319,0.0,0.18513689700130379,0.06388526727509779,0.01955671447196871,0.009995654063450673,0.000434593654932638,0.0,0.0,0.0,0.06910039113428944
bin.192,0.0,0.0,0.10294117647058823,0.010180995475113122,0.08597285067873303,0.04751131221719457,0.027149321266968326,0.09276018099547512,0.030542986425339366,0.12330316742081449,0.06787330316742081,0.048642533936651584,0.01583710407239819,0.0022624434389140274,0.03959276018099547,0.013574660633484163,0.021493212669683258,0.0,0.12330316742081449,0.01809954751131222,0.00904977375565611,0.007918552036199095,0.0,0.0,0.0,0.0,0.11199095022624435
bin.189,0.0,0.0006232471174820816,0.076347771891555,0.00747896540978498,0.10532876285447179,0.019943907759426612,0.054845746338423186,0.030539108756622,0.06325958242443129,0.0389529448426301,0.03957619196011219,0.027422873169211593,0.03957619196011219,0.011841695232159551,0.030539108756622,0.06668744157058273,0.040511062636335304,0.0,0.20130881894671238,0.04144593331255843,0.010283577438454348,0.015269554378311,0.0,0.0,0.0,0.0,0.07821751324400125
bin.124,0.0003096934035305048,0.0006193868070610096,0.08144936512852276,0.00836172189532363,0.12047073397336637,0.03127903375658098,0.06596469495199753,0.03933106224837411,0.034375967791886036,0.0514091049860638,0.058532053267265405,0.04614431712604521,0.04676370393310623,0.0018581604211830288,0.03406627438835553,0.048002477547228244,0.019510684422421803,0.0,0.17528646639826573,0.0514091049860638,0.011458655930628678,0.011768349334159182,0.0,0.0,0.0,0.0,0.06162898730257046
bin.91,0.0002549069589599796,0.0010196278358399185,0.053785368340555695,0.012235534030079022,0.0662758093295947,0.023451440224318124,0.0650012745347948,0.02574560285495794,0.024216161101198064,0.03798113688503696,0.05862860056079531,0.056079530971195515,0.07086413459087433,0.004588325261279633,0.03186336986999745,0.049961763956156,0.021921998470558247,0.0,0.20163140453734388,0.04384399694111649,0.015294417537598776,0.02039255671679837,0.0010196278358399185,0.0,0.0,0.0002549069589599796,0.11368850369615091
bin.198,0.00038819875776397513,0.00038819875776397513,0.060947204968944096,0.01281055900621118,0.0671583850931677,0.025232919254658384,0.031444099378881984,0.045419254658385096,0.04114906832298137,0.057841614906832296,0.04076086956521739,0.045419254658385096,0.06599378881987578,0.016692546583850932,0.04697204968944099,0.040372670807453416,0.022127329192546584,0.0,0.19953416149068323,0.04736024844720497,0.033385093167701864,0.013975155279503106,0.0,0.0,0.0,0.0007763975155279503,0.08385093167701864
bin.160,0.00025627883136852895,0.0005125576627370579,0.08790363915940544,0.006663249615581753,0.09251665812403896,0.02178370066632496,0.047667862634546386,0.04997437211686315,0.03613531522296258,0.04177344951307022,0.027678113787801127,0.028703229113275244,0.04228600717580728,0.0030753459764223477,0.02972834443874936,0.14915427985648386,0.03177857508969759,0.0,0.19938493080471553,0.03331624807790876,0.01204510507432086,0.008200922603792926,0.0,0.0,0.0,0.0,0.04946181445412609
bin.89,0.00030902348578491963,0.000927070457354759,0.07756489493201484,0.00834363411619283,0.1291718170580964,0.030593325092707045,0.06582200247218789,0.03862793572311496,0.034610630407911,0.05284301606922126,0.05315203955500618,0.04480840543881335,0.04758961681087762,0.003708281829419036,0.03368355995055624,0.042027194066749075,0.021322620519159455,0.0,0.16965389369592088,0.05315203955500618,0.012978986402966625,0.012669962917181705,0.0,0.0,0.0,0.0,0.06644004944375773
bin.220,0.0,0.0,0.05548098434004474,0.011185682326621925,0.06040268456375839,0.026398210290827742,0.04116331096196868,0.0447427293064877,0.056375838926174496,0.056823266219239374,0.06129753914988814,0.04832214765100671,0.06129753914988814,0.0008948545861297539,0.033109619686800894,0.07516778523489932,0.028187919463087248,0.0,0.1825503355704698,0.04697986577181208,0.022818791946308724,0.012080536912751677,0.0,0.0,0.0,0.0,0.07472035794183446
bin.206,0.0007874015748031496,0.0007874015748031496,0.07086614173228346,0.014960629921259842,0.11496062992125984,0.029133858267716535,0.06850393700787402,0.029921259842519685,0.05196850393700787,0.05590551181102362,0.06062992125984252,0.05669291338582677,0.04566929133858268,0.010236220472440945,0.029133858267716535,0.051181102362204724,0.015748031496062992,0.0,0.16535433070866143,0.03385826771653543,0.014173228346456693,0.013385826771653543,0.0,0.0,0.0,0.0,0.06614173228346457
bin.63,0.001993024414549078,0.00024912805181863477,0.0637767812655705,0.007224713502740409,0.05630293971101146,0.019182859990034877,0.045590433482810166,0.032137518684603884,0.026905829596412557,0.0408570004982561,0.042600896860986545,0.03388141504733433,0.042600896860986545,0.01868460388639761,0.03687095166915795,0.02815146985550573,0.023168908819133034,0.0,0.2100149476831091,0.05331340308918784,0.027404085700049825,0.016442451420029897,0.0004982561036372695,0.0,0.0,0.0004982561036372695,0.17164922770303936
bin.210,0.0,0.0018587360594795538,0.011152416356877323,0.020446096654275093,0.016728624535315983,0.027881040892193308,0.026022304832713755,0.011152416356877323,0.0055762081784386614,0.20260223048327136,0.03903345724907063,0.120817843866171,0.0762081784386617,0.022304832713754646,0.04275092936802974,0.007434944237918215,0.007434944237918215,0.0,0.1654275092936803,0.020446096654275093,0.05018587360594796,0.011152416356877323,0.0,0.0,0.0,0.0,0.11338289962825279
bin.201,0.0,0.0012706480304955528,0.05421431596781025,0.01397712833545108,0.09191020753917832,0.033460398136382886,0.062261753494282084,0.03176620076238882,0.028377806014400677,0.043202033036848796,0.07030919102075392,0.04743752647183397,0.044472681067344345,0.0008470986869970351,0.03430749682337993,0.052096569250317665,0.013130029648454045,0.0,0.2020330368487929,0.046590427784836935,0.01736552308343922,0.014400677678949597,0.00042354934349851756,0.0,0.0,0.0,0.09614570097416349
bin.225,0.0,0.0008281573498964803,0.08157349896480331,0.007039337474120083,0.12877846790890268,0.02981366459627329,0.05962732919254658,0.040993788819875775,0.034782608695652174,0.05714285714285714,0.0546583850931677,0.03850931677018633,0.049689440993788817,0.0008281573498964803,0.037267080745341616,0.04886128364389234,0.01987577639751553,0.0,0.1681159420289855,0.0505175983436853,0.009523809523809525,0.010351966873706004,0.00041407867494824016,0.0,0.0,0.0,0.07080745341614907
bin.73,0.0,0.0006230529595015577,0.0573208722741433,0.018691588785046728,0.09221183800623053,0.0529595015576324,0.040498442367601244,0.059813084112149535,0.040498442367601244,0.049221183800623056,0.03925233644859813,0.04610591900311527,0.04423676012461059,0.013707165109034268,0.027414330218068536,0.03987538940809969,0.01557632398753894,0.0,0.1501557632398754,0.0691588785046729,0.022429906542056073,0.023052959501557634,0.0,0.0,0.0,0.001869158878504673,0.09532710280373832
bin.64,0.0,0.0008968609865470852,0.05336322869955157,0.011210762331838564,0.09910313901345291,0.03587443946188341,0.05515695067264574,0.04304932735426009,0.03587443946188341,0.04887892376681614,0.06950672645739911,0.04618834080717489,0.04932735426008968,0.0013452914798206279,0.028699551569506727,0.039013452914798206,0.026457399103139014,0.0,0.21076233183856502,0.056950672645739914,0.014798206278026907,0.015246636771300448,0.0,0.0,0.0,0.0,0.05829596412556054
bin.40,0.0,0.0008976660682226212,0.04308797127468582,0.01436265709156194,0.03859964093357271,0.03680430879712747,0.03859964093357271,0.03949730700179533,0.025134649910233394,0.11759425493716337,0.03770197486535009,0.06463195691202872,0.08258527827648116,0.010771992818671455,0.03500897666068223,0.03231597845601436,0.008976660682226212,0.0,0.1992818671454219,0.01615798922800718,0.03500897666068223,0.011669658886894075,0.0,0.0,0.0,0.0,0.11131059245960502
bin.12,0.0,0.0003053435114503817,0.05618320610687023,0.010076335877862596,0.05862595419847328,0.022595419847328244,0.028091603053435114,0.029923664122137403,0.05068702290076336,0.050381679389312976,0.06778625954198474,0.04854961832061069,0.042748091603053436,0.010687022900763359,0.0366412213740458,0.1050381679389313,0.024122137404580152,0.0,0.17770992366412214,0.06259541984732825,0.019236641221374046,0.009770992366412214,0.0003053435114503817,0.0,0.0,0.0003053435114503817,0.08763358778625954
bin.209,0.0,0.0,0.1032940219601464,0.010980073200488003,0.0829605530703538,0.029686864579097194,0.04351362342415616,0.03334688897925986,0.08377389182594551,0.048800325335502236,0.06954046360309069,0.03700691337942253,0.02684017893452623,0.0,0.02684017893452623,0.03700691337942253,0.061000406669377796,0.0,0.18015453436356244,0.03538023586823912,0.0069133794225294835,0.014640097600650671,0.0,0.0,0.0,0.0,0.06832045546970313
bin.130,0.00045495905368516835,0.00045495905368516835,0.07643312101910828,0.010464058234758872,0.14285714285714285,0.0359417652411283,0.06187443130118289,0.03821656050955414,0.036851683348498636,0.058689717925386714,0.05505004549590537,0.045950864422202004,0.04913557779799818,0.0018198362147406734,0.029572338489535943,0.050955414012738856,0.017743403093721567,0.0,0.1651501364877161,0.045040946314831666,0.012738853503184714,0.010009099181073703,0.0,0.0,0.0,0.0,0.0545950864422202
bin.170,0.0,0.0013111888111888112,0.06512237762237762,0.00743006993006993,0.08697552447552448,0.024475524475524476,0.07910839160839161,0.044580419580419584,0.03583916083916084,0.05638111888111888,0.03496503496503497,0.04807692307692308,0.0659965034965035,0.005681818181818182,0.036276223776223776,0.050699300699300696,0.021416083916083916,0.0,0.18487762237762237,0.036276223776223776,0.019230769230769232,0.009178321678321678,0.0,0.0,0.0,0.0,0.08610139860139861
bin.211,0.0,0.0,0.03411513859275053,0.01812366737739872,0.035181236673773986,0.035181236673773986,0.03731343283582089,0.01812366737739872,0.019189765458422176,0.1460554371002132,0.04371002132196162,0.09594882729211088,0.08528784648187633,0.023454157782515993,0.04051172707889126,0.014925373134328358,0.011727078891257996,0.0,0.13859275053304904,0.04371002132196162,0.046908315565031986,0.01279317697228145,0.0,0.0,0.0,0.0010660980810234541,0.09808102345415778
bin.72,0.0,0.0,0.03727714748784441,0.008103727714748784,0.036196650459211235,0.019448946515397084,0.02593192868719611,0.010804970286331712,0.015667206915180983,0.075634792004322,0.036196650459211235,0.06482982171799027,0.03511615343057806,0.014586709886547812,0.02863317125877904,0.03349540788762831,0.015126958400864398,0.0,0.293354943273906,0.04538087520259319,0.021609940572663425,0.007023230686115613,0.0,0.0,0.0,0.0010804970286331713,0.17450027012425715
bin.237,0.0,0.000361271676300578,0.06936416184971098,0.007947976878612716,0.13078034682080925,0.03106936416184971,0.06069364161849711,0.040823699421965315,0.037210982658959536,0.056719653179190754,0.05310693641618497,0.05708092485549133,0.0476878612716763,0.001083815028901734,0.03359826589595376,0.050216763005780346,0.016979768786127166,0.0,0.16473988439306358,0.05166184971098266,0.012283236994219654,0.01083815028901734,0.000361271676300578,0.0,0.0,0.0,0.06539017341040462
bin.218,0.0,0.0,0.06593977154724819,0.013499480789200415,0.11941848390446522,0.03426791277258567,0.03997923156801662,0.04153686396677051,0.029595015576323987,0.056074766355140186,0.05970924195223261,0.037383177570093455,0.0514018691588785,0.006749740394600207,0.028556593977154723,0.0446521287642783,0.029075804776739357,0.0,0.181723779854621,0.06074766355140187,0.027518172377985463,0.006230529595015576,0.0,0.0,0.0,0.0,0.06593977154724819
bin.5,0.0,0.0007927070947284979,0.07609988109393578,0.008323424494649227,0.11335711454617518,0.02497027348394768,0.053904082441537854,0.0372572334522394,0.04637336504161712,0.05033690051525961,0.0372572334522394,0.06460562822037257,0.04399524375743163,0.013476020610384463,0.036860879904875146,0.07570352754657154,0.020610384462940945,0.0,0.1724137931034483,0.03804994054696789,0.015457788347205707,0.015457788347205707,0.00039635354736424893,0.0,0.0,0.0007927070947284979,0.0535077288941736
bin.242,0.00022466861379465288,0.00044933722758930576,0.04718040889687711,0.015052797124241743,0.05908784542799371,0.022242192765670635,0.03594697820714446,0.03347562345540328,0.02403954167602786,0.03819366434509099,0.0505504381037969,0.04044035048303752,0.07369130532464614,0.011233430689732645,0.04381037968995731,0.03662098404852842,0.025387553358795775,0.0,0.2031004268703662,0.07683666591777129,0.02044484385531341,0.01482812851044709,0.00022466861379465288,0.0,0.0,0.0008986744551786115,0.12603909233880026
bin.197,0.0006234413965087282,0.0006234413965087282,0.06639650872817955,0.01059850374064838,0.1137780548628429,0.02836658354114713,0.06109725685785536,0.034912718204488775,0.04551122194513716,0.0408354114713217,0.06826683291770573,0.036471321695760596,0.04894014962593516,0.0015586034912718205,0.03054862842892768,0.046134663341645885,0.024002493765586035,0.0,0.18890274314214464,0.05049875311720698,0.01527431421446384,0.010910224438902744,0.0,0.0,0.0,0.0003117206982543641,0.07543640897755612
bin.164,0.000361271676300578,0.000722543352601156,0.07333815028901734,0.00939306358381503,0.1282514450867052,0.032153179190751446,0.0657514450867052,0.040823699421965315,0.03070809248554913,0.05166184971098266,0.0559971098265896,0.04985549132947977,0.04696531791907514,0.0018063583815028901,0.03395953757225433,0.05057803468208093,0.01842485549132948,0.0,0.17052023121387283,0.0509393063583815,0.013367052023121388,0.011560693641618497,0.0,0.0,0.0,0.0,0.06286127167630058
bin.180,0.0,0.0,0.06362237044638276,0.013853258081067214,0.061056952283222166,0.03796818881477681,0.04874294510005131,0.04258594150846588,0.03694202154951257,0.051821446895844024,0.032837352488455616,0.046177526936890714,0.06362237044638276,0.03694202154951257,0.057465366854797334,0.03950743971267317,0.0323242688558235,0.0,0.17034376603386353,0.06157003591585428,0.027706516162134428,0.01026167265264238,0.0015392508978963571,0.0,0.0,0.0030785017957927143,0.06003078501795793
bin.55,0.0,0.0009713453132588635,0.07722195240407966,0.016027197668771247,0.07382224380767363,0.03885381253035454,0.05245264691597863,0.03885381253035454,0.035454103933948516,0.06508013598834386,0.0733365711510442,0.04856726566294318,0.04662457503642545,0.0014570179698882952,0.03788246721709568,0.043710539096648855,0.01651287032540068,0.0,0.18406993686255463,0.04856726566294318,0.011656143759106362,0.0199125789218067,0.0,0.0,0.0,0.0,0.06896551724137931
bin.146,0.0,0.0008658008658008658,0.05714285714285714,0.01471861471861472,0.06623376623376623,0.024675324675324677,0.03506493506493506,0.03766233766233766,0.04112554112554113,0.05757575757575758,0.08528138528138528,0.053246753246753244,0.06277056277056277,0.005194805194805195,0.032034632034632034,0.043722943722943726,0.026406926406926406,0.0,0.1735930735930736,0.033766233766233764,0.01818181818181818,0.011688311688311689,0.0017316017316017316,0.0,0.0,0.0,0.11731601731601732
bin.151,0.0,0.0,0.05227655986509275,0.01517706576728499,0.08263069139966273,0.023608768971332208,0.047217537942664416,0.0387858347386172,0.03541315345699832,0.06745362563237774,0.02951096121416526,0.046374367622259695,0.07672849915682968,0.005902192242833052,0.050590219224283306,0.03204047217537943,0.024451939291736932,0.0,0.20404721753794267,0.02782462057335582,0.02023608768971332,0.006745362563237774,0.0,0.0,0.0,0.0016863406408094434,0.11129848229342328
bin.82,0.0004086636697997548,0.0004086636697997548,0.07560277891295464,0.006538618716796077,0.05639558643236616,0.026154474867184307,0.03064977523498161,0.045361667347772784,0.024111156518185534,0.06334286881896199,0.07274213322435635,0.12096444626072742,0.022067838169186758,0.0012259910093992644,0.04004903964037597,0.039640375970576215,0.024519820187985288,0.0,0.16428279525950143,0.03637106661217818,0.005721291377196567,0.011033919084593379,0.0,0.0,0.0,0.0,0.13240702901512055
bin.74,0.0005931198102016608,0.0,0.05693950177935943,0.013048635824436536,0.07058125741399762,0.033214709371293,0.02431791221826809,0.05575326215895611,0.033214709371293,0.08718861209964412,0.036180308422301306,0.05575326215895611,0.07651245551601424,0.027283511269276393,0.045077105575326216,0.04092526690391459,0.018386714116251483,0.0,0.16785290628706998,0.037366548042704624,0.033807829181494664,0.010083036773428233,0.0,0.0,0.0,0.0,0.07591933570581258
bin.10,0.0,0.0,0.04310344827586207,0.028735632183908046,0.06752873563218391,0.05172413793103448,0.04454022988505747,0.02586206896551724,0.008620689655172414,0.16235632183908047,0.04597701149425287,0.09770114942528736,0.0603448275862069,0.028735632183908046,0.04310344827586207,0.021551724137931036,0.004310344827586207,0.0,0.1336206896551724,0.03879310344827586,0.040229885057471264,0.011494252873563218,0.0,0.0,0.0,0.0,0.041666666666666664
bin.215,0.0007832080200501253,0.0006265664160401002,0.045582706766917294,0.011748120300751879,0.047932330827067667,0.019893483709273182,0.03148496240601504,0.026785714285714284,0.03602756892230576,0.029291979949874685,0.05670426065162907,0.03430451127819549,0.05482456140350877,0.013471177944862155,0.04088345864661654,0.03900375939849624,0.024279448621553883,0.0,0.19345238095238096,0.11779448621553884,0.023182957393483708,0.011904761904761904,0.0006265664160401002,0.0,0.0,0.0042293233082706765,0.13518170426065163
bin.60,0.0,0.0010746910263299302,0.05749596990865126,0.013970983342289092,0.07469102632993015,0.02525523911875336,0.03170338527673294,0.039763567974207416,0.04083825900053734,0.06716818914562063,0.03922622246104245,0.04997313272434175,0.046211714132187,0.0037614185921547557,0.05910800644814616,0.03653949489521763,0.021493820526598602,0.0,0.19666845781837722,0.052659860290166574,0.024717893605588393,0.012358946802794197,0.0,0.0,0.0,0.0,0.10531972058033315
bin.281,0.0005223295899712719,0.0,0.07521546095586315,0.011752415774353616,0.08331156960041787,0.05301645338208409,0.07626012013580569,0.03290676416819013,0.028466962653434316,0.058239749281796815,0.06424653956646643,0.04518150953251502,0.054844606946983544,0.01540872290415252,0.03421258814311831,0.08200574562548968,0.015669887699138157,0.0,0.18072603813006008,0.03160094019326195,0.025332985113606685,0.012797074954296161,0.0005223295899712719,0.0,0.0,0.0,0.017759206059023244
bin.90,0.0006546644844517185,0.0003273322422258593,0.06448445171849428,0.011783960720130934,0.08936170212765958,0.02553191489361702,0.051391162029459904,0.03927986906710311,0.054009819967266774,0.046153846153846156,0.03960720130932897,0.041243862520458266,0.04746317512274959,0.012438625204582651,0.03829787234042553,0.043862520458265136,0.019639934533551555,0.0,0.202291325695581,0.0369885433715221,0.018985270049099837,0.00851063829787234,0.0003273322422258593,0.0,0.0,0.0003273322422258593,0.10703764320785597
bin.207,0.0001774937877174299,0.0001774937877174299,0.059282925097621585,0.008519701810436636,0.04668086616968406,0.013667021654242101,0.04419595314164004,0.03319133830315939,0.020766773162939296,0.029463968761093362,0.04898828541001065,0.040291089811856584,0.03727369542066028,0.026269080582179624,0.0362087326943557,0.03372381966631168,0.022719204827831026,0.0,0.21725239616613418,0.054668086616968405,0.036031238906638265,0.010649627263045794,0.0001774937877174299,0.0,0.0,0.0010649627263045794,0.17855875044373448
bin.203,0.0008203445447087777,0.0008203445447087777,0.05127153404429861,0.009844134536505332,0.08367514356029532,0.020508613617719443,0.06439704675963905,0.033223954060705496,0.03937653814602133,0.03527481542247744,0.0881870385561936,0.03937653814602133,0.044708777686628384,0.002461033634126333,0.02789171452009844,0.03773584905660377,0.02830188679245283,0.0,0.22723543888433143,0.04101722723543889,0.013125512715340444,0.019278096800656275,0.0,0.0,0.0,0.00041017227235438887,0.09105824446267433
bin.57,0.0004231013327691982,0.0,0.0736196319018405,0.010154431986460757,0.0475988999365348,0.01692405331076793,0.046329595938227205,0.03321345462238206,0.024962978633382694,0.03152104929130527,0.041040829278612224,0.03088639729215147,0.05119526126507298,0.025386079966151893,0.04273323460968902,0.03786756928284324,0.0236936746350751,0.0,0.2168394330442141,0.05331076792891898,0.027290035963613287,0.012058387983922149,0.0,0.0,0.0,0.0016924053310767928,0.15125872646498836
bin.202,0.0006609385327164573,0.0006609385327164573,0.06345009914077991,0.009032826613791584,0.08129543952412426,0.022692222956598368,0.05772196519057061,0.03150473672615114,0.046265697290152015,0.036351619299405155,0.07755012117206433,0.041639127561136816,0.039876624807226264,0.0015421899096717338,0.02467503855474774,0.04560475875743556,0.023793787177792465,0.0,0.20533157083057943,0.057061026657854154,0.0103547036792245,0.008812513769552765,0.0002203128442388191,0.0,0.0,0.0,0.11390174047146949
bin.62,0.0,0.0,0.06837811900191938,0.005998080614203455,0.15331094049904032,0.020393474088291747,0.07749520153550864,0.04150671785028791,0.05566218809980806,0.035268714011516315,0.0458253358925144,0.02519193857965451,0.05206333973128599,0.00263915547024952,0.029030710172744723,0.06693857965451055,0.03190978886756238,0.0,0.177063339731286,0.028790786948176585,0.012955854126679463,0.013195777351247601,0.0002399232245681382,0.0,0.0,0.0002399232245681382,0.0559021113243762
bin.286,0.0,0.0,0.08886389201349831,0.008998875140607425,0.11473565804274466,0.031496062992125984,0.0281214848143982,0.09448818897637795,0.030371203599550055,0.11023622047244094,0.05849268841394826,0.07311586051743532,0.019122609673790775,0.0,0.04049493813273341,0.02699662542182227,0.008998875140607425,0.0,0.12260967379077616,0.02249718785151856,0.008998875140607425,0.0044994375703037125,0.0,0.0,0.0,0.0,0.10686164229471316
bin.54,0.000171939477303989,0.000343878954607978,0.04883081155433287,0.008253094910591471,0.046939477303988994,0.02063273727647868,0.038342503438789546,0.02888583218707015,0.03765474552957359,0.03885832187070151,0.05381705639614855,0.0359353507565337,0.04762723521320495,0.0202888583218707,0.040061898211829435,0.03249656121045392,0.025275103163686384,0.0,0.1982462173314993,0.11433975240715268,0.028541953232462173,0.00842503438789546,0.000687757909215956,0.0,0.0,0.001375515818431912,0.12396836313617607
bin.4,0.0005310674455655868,0.0005310674455655868,0.06930430164630907,0.0053106744556558685,0.07010090281465746,0.019383961763143918,0.04487519915029209,0.026553372278279343,0.03478491768454594,0.04009559214020181,0.043281996813595326,0.040626659585767395,0.06797663303239511,0.01168348380244291,0.03451938396176314,0.04779607010090282,0.041688794476898564,0.0,0.18003186404673394,0.04699946893255443,0.024163568773234202,0.02177376526818906,0.0005310674455655868,0.0,0.0,0.0002655337227827934,0.12719065321295805
bin.66,0.00024993751562109475,0.0,0.06448387903024244,0.00849787553111722,0.058485378655336165,0.01324668832791802,0.055236190952261933,0.02999250187453137,0.025243689077730568,0.040989752561859535,0.02999250187453137,0.027243189202699324,0.04123969007748063,0.02799300174956261,0.034741314671332166,0.03899025243689078,0.027743064233941513,0.0,0.2411897025743564,0.04773806548362909,0.030992251937015745,0.009747563109222694,0.0,0.0,0.0,0.000999750062484379,0.14496375906023495
bin.22,0.0013717421124828531,0.0006858710562414266,0.062414266117969824,0.023319615912208505,0.0644718792866941,0.03223593964334705,0.051440329218107,0.053497942386831275,0.03635116598079561,0.0877914951989026,0.03635116598079561,0.05486968449931413,0.07681755829903979,0.019890260631001373,0.03017832647462277,0.03497942386831276,0.02880658436213992,0.0,0.16598079561042525,0.021262002743484224,0.04869684499314129,0.01440329218106996,0.0,0.0,0.0,0.0,0.0541838134430727
bin.42,0.0004166666666666667,0.0008333333333333334,0.08,0.012916666666666667,0.1125,0.029166666666666667,0.06166666666666667,0.03666666666666667,0.03666666666666667,0.060833333333333336,0.05333333333333334,0.05125,0.04833333333333333,0.0016666666666666668,0.04041666666666666,0.037083333333333336,0.02,0.0,0.17791666666666667,0.05375,0.012916666666666667,0.009166666666666667,0.0,0.0,0.0,0.0,0.0625
bin.270,0.0,0.0007507507507507507,0.047672672672672674,0.01126126126126126,0.06343843843843844,0.0259009009009009,0.06531531531531531,0.04054054054054054,0.028153153153153154,0.0533033033033033,0.045420420420420424,0.04504504504504504,0.08708708708708708,0.011636636636636636,0.027777777777777776,0.03978978978978979,0.021021021021021023,0.0,0.18355855855855857,0.04617117117117117,0.03078078078078078,0.013513513513513514,0.0,0.0,0.0,0.0,0.11186186186186187
bin.69,0.0006523157208088715,0.00021743857360295715,0.07197216786257882,0.0091324200913242,0.05522939769515112,0.0136986301369863,0.05109806479669493,0.033268101761252444,0.028701891715590344,0.031093716025222873,0.033268101761252444,0.03413785605566427,0.05044574907588606,0.023483365949119372,0.028049575994781473,0.04479234616220917,0.03131115459882583,0.0,0.2146118721461187,0.04674929332463579,0.029354207436399216,0.015655577299412915,0.0,0.0,0.0,0.0015220700152207,0.15155468580126114
bin.49,0.00017806267806267807,0.0005341880341880342,0.08208689458689458,0.006232193732193732,0.08262108262108261,0.014957264957264958,0.0446937321937322,0.037927350427350424,0.029914529914529916,0.02849002849002849,0.0292022792022792,0.02564102564102564,0.0438034188034188,0.004451566951566952,0.028133903133903133,0.15331196581196582,0.03881766381766382,0.0,0.22115384615384615,0.034722222222222224,0.012108262108262107,0.008725071225071225,0.00017806267806267807,0.0,0.0,0.0,0.07211538461538461
bin.61,0.0,0.001002004008016032,0.05477621910487642,0.012024048096192385,0.07314629258517034,0.02738810955243821,0.0447561790247161,0.03473613894455578,0.03774215096860387,0.03774215096860387,0.04909819639278557,0.038744154976619906,0.05177020708082832,0.01002004008016032,0.033400133600534405,0.04241816967267869,0.021042084168336674,0.0,0.20307281229124916,0.07414829659318638,0.01603206412825651,0.013360053440213761,0.0,0.0,0.0,0.0013360053440213762,0.12224448897795591
bin.67,0.0,0.00048426150121065375,0.07360774818401937,0.015980629539951573,0.11476997578692494,0.024697336561743343,0.0711864406779661,0.0387409200968523,0.03631961259079903,0.04019370460048426,0.05278450363196126,0.048426150121065374,0.05423728813559322,0.0029055690072639223,0.03631961259079903,0.04745762711864407,0.015980629539951573,0.0,0.1980629539951574,0.04067796610169491,0.015980629539951573,0.014527845036319613,0.0,0.0,0.0,0.0,0.05665859564164649
bin.147,0.0,0.0006029544769369913,0.04703044920108532,0.013566475731082304,0.06270726560144708,0.021103406692794695,0.02683147422369611,0.03376545070847151,0.050648176062707266,0.05366294844739222,0.0753693096171239,0.03798613204703045,0.04461863129333735,0.014169430208019295,0.03858908652396744,0.08712692191739524,0.02351522460054266,0.0,0.1796804341272234,0.06119987940910461,0.027434428700633104,0.008742839915586373,0.00030147723846849563,0.0,0.0,0.0006029544769369913,0.09074464877901718
bin.45,0.0,0.0007171029042667623,0.060953746862674796,0.010397992111868053,0.08784510577267839,0.024381498745069917,0.054858372176407315,0.03657224811760488,0.03334528504840445,0.03944065973467192,0.0684833273574758,0.036213696665471494,0.05736823234134098,0.0028684116170670493,0.03442093940480459,0.041233416995338834,0.023664395840803154,0.0,0.20473287916816063,0.06059519541054141,0.017569021154535677,0.013983506633201864,0.0010756543564001434,0.0,0.0,0.0007171029042667623,0.08856220867694514
bin.77,0.006127192055778576,0.00021128248468201986,0.06338474540460595,0.007183604479188675,0.04901753644622861,0.01394464398901331,0.040143672089583776,0.027255440523980563,0.022184660891612085,0.02852313543207268,0.035495457426579335,0.033593915064441156,0.04035495457426579,0.021339530952884007,0.030847242763574898,0.02788928797802662,0.020494401014155925,0.0,0.22417071624762308,0.07754067187830128,0.024720050707796325,0.01394464398901331,0.00021128248468201986,0.0,0.0,0.0010564124234100994,0.1903655186984999
bin.257,0.0003748125937031484,0.0014992503748125937,0.08470764617691154,0.008620689655172414,0.12743628185907047,0.03335832083958021,0.06671664167916042,0.03710644677661169,0.03823088455772114,0.05247376311844078,0.061094452773613195,0.05134932533733134,0.04535232383808096,0.0018740629685157421,0.03673163418290855,0.04010494752623688,0.024737631184407798,0.0,0.16229385307346328,0.04422788605697151,0.01461769115442279,0.010119940029985007,0.0,0.0,0.0,0.0,0.05697151424287856
bin.23,0.0,0.0,0.02564102564102564,0.019943019943019943,0.02564102564102564,0.03418803418803419,0.03561253561253561,0.019943019943019943,0.008547008547008548,0.18518518518518517,0.05555555555555555,0.10683760683760683,0.07977207977207977,0.027065527065527065,0.042735042735042736,0.019943019943019943,0.01282051282051282,0.0,0.1467236467236467,0.02564102564102564,0.05413105413105413,0.007122507122507123,0.0,0.0,0.0,0.0,0.06695156695156695
bin.145,0.0,0.0005485463521667581,0.04827207899067471,0.013165112452002194,0.08667032364234778,0.027427317608337904,0.041689522764673616,0.036204059243006036,0.042238069116840374,0.06472846955567746,0.07240811848601207,0.044980800877674164,0.06801974766867801,0.008228195282501372,0.03784969829950631,0.039495337356006584,0.03291278113000549,0.0,0.1755348326933626,0.03510696653867252,0.016456390565002744,0.00877674163466813,0.0,0.0,0.0,0.0,0.09928688974218322
bin.118,0.0,0.0008932559178204555,0.07949977668602054,0.009379187137114784,0.11924966502903082,0.03171058508262617,0.060741402411790976,0.038856632425189816,0.03439035283608754,0.05046895935685574,0.05895489057615007,0.0482358195623046,0.05002233139794551,0.0026797677534613666,0.03796337650736936,0.04689593568557392,0.021438142027690933,0.0,0.1639124609200536,0.05448861098704779,0.01652523447967843,0.01205895489057615,0.0,0.0,0.0,0.0,0.06163465832961143
bin.259,0.0003289473684210526,0.0006578947368421052,0.06414473684210527,0.011842105263157895,0.11414473684210526,0.028289473684210528,0.07072368421052631,0.02894736842105263,0.039473684210526314,0.04144736842105263,0.06743421052631579,0.0430921052631579,0.03618421052631579,0.0006578947368421052,0.026644736842105263,0.05986842105263158,0.022039473684210525,0.0,0.18552631578947368,0.038157894736842106,0.010197368421052632,0.014144736842105264,0.0,0.0,0.0,0.0,0.09605263157894736
bin.196,0.0,0.0,0.05797901711761458,0.01435670900055218,0.06736609607951408,0.034787410270568746,0.022087244616234125,0.05521811154058531,0.0447266703478741,0.08172280508006627,0.034787410270568746,0.04417448923246825,0.08558807288790723,0.0176697956929873,0.0447266703478741,0.03810049696300387,0.0176697956929873,0.0,0.17614577581446714,0.04583103257868581,0.03754831584759801,0.009939260077305357,0.0,0.0,0.0,0.0,0.06957482054113749
bin.65,0.0005305039787798408,0.0007957559681697613,0.058090185676392576,0.010610079575596816,0.08647214854111406,0.021220159151193633,0.060477453580901855,0.03156498673740053,0.054641909814323604,0.03395225464190981,0.08275862068965517,0.033156498673740056,0.041379310344827586,0.0029177718832891246,0.027586206896551724,0.039257294429708225,0.03289124668435013,0.0,0.19973474801061009,0.052519893899204244,0.013262599469496022,0.011671087533156498,0.0,0.0,0.0,0.0,0.10450928381962865
bin.252,0.0003562522265764161,0.0010687566797292483,0.07481296758104738,0.010687566797292483,0.13181332383327396,0.02743142144638404,0.058781617385108655,0.04061275382971143,0.031350195938724616,0.04951905949412184,0.055931599572497326,0.054150338439615246,0.04809405058781618,0.0014250089063056644,0.033843961524759526,0.04631278945493409,0.01816886355539722,0.0,0.17848236551478447,0.04845030281439259,0.011400071250445315,0.008906305664410403,0.0,0.0,0.0,0.0003562522265764161,0.06804417527609548
bin.111,0.0002955956251847473,0.0,0.04729530002955956,0.011528229382205143,0.05616316878510198,0.020691693762932308,0.0638486550399054,0.026603606266627253,0.02453443689033402,0.04167898315104936,0.052320425657700266,0.059710316287318946,0.0638486550399054,0.007094295004433935,0.03281111439550695,0.04079219627549512,0.022169671888856046,0.0,0.21608040201005024,0.04552172627845108,0.016848950635530595,0.018031333136269583,0.0008867868755542418,0.0,0.0,0.0005911912503694946,0.1306532663316583
bin.174,0.00038299502106472615,0.0007659900421294523,0.07659900421294523,0.00995787054768288,0.13366526235158943,0.031788586748372274,0.06625813864419762,0.03715051704327844,0.0337035618536959,0.05285331290693221,0.05821524320183838,0.043278437380314054,0.0497893527384144,0.002680965147453083,0.036767522022213714,0.0425124473381846,0.02106472615855994,0.0,0.1696667943316737,0.04940635771734968,0.013021830716200689,0.009574875526618154,0.0,0.0,0.0,0.0,0.06089620834929146
bin.86,0.0004805382027871216,0.0,0.0624699663623258,0.015377222489187891,0.07015857760691975,0.0312349831811629,0.03459875060067275,0.04565112926477655,0.04661220567035079,0.07256126862085535,0.04132628543969245,0.05958673714560307,0.06967803940413263,0.009610764055742432,0.04997597308986065,0.04084574723690534,0.019221528111484865,0.0,0.1826045170591062,0.049495434887073524,0.028832292167227293,0.012493993272465162,0.0004805382027871216,0.0,0.0,0.0004805382027871216,0.056222969726093225
bin.116,0.0004178854993731718,0.0004178854993731718,0.07521938988717092,0.010865022983702465,0.1316339323025491,0.03426661094860008,0.0651901379022148,0.040117007939824485,0.03593815294609277,0.055578771416631846,0.05516088591725867,0.04638529043042206,0.050982030923526954,0.0029251984956122023,0.0325950689511074,0.04471374843292938,0.017551190973673213,0.0,0.162975344755537,0.05223568742164647,0.013372335979941497,0.011700793982448809,0.0,0.0,0.0,0.0,0.059757626410363564
bin.266,0.0,0.0012285012285012285,0.06265356265356266,0.014742014742014743,0.07493857493857493,0.025798525798525797,0.0343980343980344,0.03562653562653563,0.05835380835380835,0.052825552825552825,0.05343980343980344,0.042997542997543,0.05098280098280098,0.018427518427518427,0.041154791154791155,0.060196560196560195,0.026412776412776413,0.0,0.1855036855036855,0.056511056511056514,0.02027027027027027,0.007985257985257985,0.0,0.0,0.0,0.0,0.07555282555282555
bin.204,0.0,0.0010369858278603526,0.07328033183546491,0.0076045627376425855,0.12582094711372277,0.03180089872105081,0.06429312132734186,0.03733148980297269,0.03525751814725199,0.05012098167991704,0.0611821638437608,0.051157967507777395,0.042170756999654335,0.002073971655720705,0.03525751814725199,0.04459039059799516,0.023159350155547875,0.0,0.173522295195299,0.05184929139301763,0.013135153819564467,0.011752506049083997,0.0,0.0,0.0,0.0003456619426201175,0.0632561354994815
bin.205,0.00045167118337850043,0.0009033423667570009,0.05962059620596206,0.012195121951219513,0.08130081300813008,0.028455284552845527,0.06097560975609756,0.036133694670280034,0.03116531165311653,0.06052393857271906,0.06775067750677506,0.04742547425474255,0.051942186088527555,0.002258355916892502,0.036133694670280034,0.04878048780487805,0.017615176151761516,0.0,0.1915085817524842,0.05058717253839205,0.01942186088527552,0.014001806684733513,0.0,0.0,0.0,0.0,0.08084914182475159
bin.229,0.0,0.00020308692120227456,0.07859463850528026,0.006498781478472786,0.0926076360682372,0.012997562956945572,0.0479285134037368,0.03188464662875711,0.050365556458164096,0.027822908204711616,0.03635255889520715,0.03066612510154346,0.035134037367993504,0.012997562956945572,0.03249390739236393,0.0727051177904143,0.029853777416734364,0.0,0.22705117790414298,0.048537774167343624,0.016653127538586516,0.010357432981316004,0.0,0.0,0.0,0.00040617384240454913,0.09788789601949635
bin.56,0.0005263157894736842,0.0,0.07842105263157895,0.009473684210526316,0.12473684210526316,0.03105263157894737,0.05947368421052632,0.04473684210526316,0.045263157894736845,0.04052631578947368,0.061052631578947365,0.04052631578947368,0.05052631578947368,0.002631578947368421,0.030526315789473683,0.04473684210526316,0.02736842105263158,0.0,0.16526315789473683,0.05526315789473684,0.008947368421052631,0.01,0.0,0.0,0.0,0.0005263157894736842,0.06842105263157895
bin.279,0.0,0.00040584415584415587,0.06493506493506493,0.01461038961038961,0.07142857142857142,0.02353896103896104,0.03165584415584415,0.040584415584415584,0.05478896103896104,0.05560064935064935,0.040584415584415584,0.04261363636363636,0.04991883116883117,0.012987012987012988,0.04626623376623377,0.03530844155844156,0.023133116883116884,0.0,0.205762987012987,0.04220779220779221,0.018668831168831168,0.01176948051948052,0.0,0.0,0.0,0.0012175324675324675,0.11201298701298701
bin.171,0.0,0.0005058168942842691,0.08902377339403136,0.007587253414264037,0.12696004046535153,0.026302478502781994,0.042994436014162876,0.042488619119878605,0.05918057663125948,0.06423874557410217,0.030854830551340414,0.03692463328275165,0.03945371775417299,0.006069802731411229,0.035912999494183105,0.042994436014162876,0.03490136570561457,0.0,0.18968133535660092,0.035912999494183105,0.01719777440566515,0.013151239251390997,0.0,0.0,0.0,0.0,0.057663125948406675
bin.76,0.0,0.0,0.08293321693583589,0.010475774770842427,0.07463989524225229,0.020951549541684853,0.053688345700567436,0.03753819292885203,0.0392841553906591,0.04495853339153208,0.04233958969882148,0.03142732431252728,0.04975993016150153,0.014840680925360105,0.04277608031427324,0.04233958969882148,0.032736796158882586,0.0,0.20427760803142733,0.04932343954604976,0.018769096464426014,0.022261021388040158,0.0,0.0,0.0,0.0013094718463553033,0.08336970755128764
